gene_id,transcript_id,function,comments
S5_genome_2538,S5_genome_2538,oxaloacetate decarboxylase ,No homolog from Pf5
gltA,S5_genome_1868,citrate synthase,homolog from Pf5
acnA,S5_genome_2083,aconitate hydratase a ,homolog from Pf5
acnB,S5_genome_2776,aconitate hydratase b ,homolog from Pf5
phbA,S5_genome_2410,acetyl-coa acetyltransferase,homolog from Pf5
S5_genome_3187,S5_genome_3187,probable acetyl-coa acetyltransferase,homolog from Pf5
S5_genome_3754,S5_genome_3754,acetyl-coa acetyltransferase,homolog from Pf5
kynB,S5_genome_816,kynurenine formamidase ,homolog from Pf5
purU1,S5_genome_4772,formyltetrahydrofolate deformylase ,homolog from Pf5
purU2,S5_genome_5645,formyltetrahydrofolate deformylase ,homolog from Pf5
acnA,S5_genome_2083,aconitate hydratase a ,homolog from Pf5
acnB,S5_genome_2776,aconitate hydratase b ,homolog from Pf5
aceA,S5_genome_3961,isocitrate lyase ,homolog from Pf5
S5_genome_4694,S5_genome_4694,ketohydroxyglutarate aldolase,homolog from Pf5
lhgO,S5_genome_2518,l-2-hydroxyglutarate oxidase lhgo ,homolog from Pf5
hprA,S5_genome_5079,glycerate dehydrogenase,homolog from Pf5
ghrB1,S5_genome_1058,glyoxylate/hydroxypyruvate reductase b ,homolog from Pf5
ghrB2,S5_genome_3461,glyoxylate/hydroxypyruvate reductase b ,homolog from Pf5
S5_genome_1938,S5_genome_1938,phosphoglycolate phosphatase gph,homolog from Pf5
gph,S5_genome_4414,phosphoglycolate phosphatase gph,homolog from Pf5
S5_genome_5551,S5_genome_5551,phosphoglycolate phosphatase gph,homolog from Pf5
glcB,S5_genome_5617,malate synthase g ,homolog from Pf5
gcl,S5_genome_1857,glyoxylate carboligase,homolog from Pf5
hyi,S5_genome_1856,hydroxypyruvate isomerase,homolog from Pf5
S5_genome_2854,S5_genome_2854,putative hydroxypyruvate isomerase,homolog from Pf5
glxR,S5_genome_1855,2-hydroxy-3-oxopropionate reductase,homolog from Pf5
ttuD,S5_genome_1854,putative hydroxypyruvate reductase,homolog from Pf5
hprA,S5_genome_5079,glycerate dehydrogenase,homolog from Pf5
