gene_id,transcript_id,function,comments
pckA,S5_genome_364,phosphoenolpyruvate carboxykinase (atp),homolog in Pf-5
aceF,S5_genome_581,dihydrolipoyllysine-residue acetyltransferase,homolog in Pf-5
acoC,S5_genome_2252,dihydrolipoyllysine-residue acetyltransferase,homolog in Pf-5
acoA,S5_genome_2250,"pyruvate dehydrogenase (acetyl-transferring), homodimeric type",homolog in Pf-5
acoB,S5_genome_2251,"pyruvate dehydrogenase (acetyl-transferring), homodimeric type",homolog in Pf-5
acoE_2,S5_genome_582,"pyruvate dehydrogenase (acetyl-transferring), homodimeric type",homolog in Pf-5
acoE_1,S5_genome_582,"pyruvate dehydrogenase (acetyl-transferring), homodimeric type",homolog in Pf-5
lpdA_2,S5_genome_348,dihydrolipoyl dehydrogenase,homolog in Pf-5
lpdA_1,S5_genome_1875,dihydrolipoyl dehydrogenase,homolog in Pf-5
bkdC,S5_genome_2642,dihydrolipoyl dehydrogenase,homolog in Pf-5
oadA,S5_genome_6091,pyruvate carboxylase subunit b,homolog in Pf-5
accC_1,S5_genome_6092,pyruvate carboxylase subunit b,homolog in Pf-5
gltA,S5_genome_1868,citrate synthase i,homolog in Pf-5
acnA,S5_genome_2083,aconitate hydratase,homolog in Pf-5
acnD,S5_genome_2006,aconitate hydratase,homolog in Pf-5
acnB,S5_genome_2776,aconitate hydratase,homolog in Pf-5
icd,S5_genome_3952,isocitrate dehydrogenase,homolog in Pf-5
icd,S5_genome_3953,isocitrate dehydrogenase,homolog in Pf-5
mqo,S5_genome_2514,malate:quinone-oxidoreductase,homolog in Pf-5
mqo,S5_genome_5093,malate:quinone-oxidoreductase,homolog in Pf-5
fumC,S5_genome_964,"fumarate hydratase, class ii",homolog in Pf-5
fumC,S5_genome_2221,"fumarate hydratase, class ii",homolog in Pf-5
fumC,S5_genome_4424,"fumarate hydratase, class ii",homolog in Pf-5
sdhA,S5_genome_1871,succinate dehydrogenase,homolog in Pf-5
sdhB,S5_genome_1872,succinate dehydrogenase,homolog in Pf-5
sdhC,S5_genome_1869,succinate dehydrogenase,homolog in Pf-5
sdhD,S5_genome_1870,succinate dehydrogenase,homolog in Pf-5
sucD,S5_genome_1877,"succinate-coa ligase, beta subunit ()",homolog in Pf-5
sucC,S5_genome_1876,"succinate-coa ligase, beta subunit ()",homolog in Pf-5
sucB,S5_genome_1874,2-oxoglutarate dehydrogenase e2 component (dihydrolipoamide succinyltransferase),homolog in Pf-5
sucA,S5_genome_1873,2-oxoglutarate dehydrogenase e2 component (dihydrolipoamide succinyltransferase),homolog in Pf-5
cat1,S5_genome_201,succinyl-coa:coenzyme a transferase,homolog in Pf-5
Sugct,S5_genome_207,succinate--hydroxymethylglutarate,homolog in Pf-5
gabD,S5_genome_271,succinate-semialdehyde dehydrogenase [nadp(+)] gabd,homolog in Pf-5
S5_genome_1166,S5_genome_1166,succinyl-coa--d-citramalate coa-transferase,homolog in Pf-5
dapE,S5_genome_1220,succinyl-diaminopimelate desuccinylase ,homolog in Pf-5
S5_genome_1228,S5_genome_1228,succinyldiaminopimelate aminotransferase,homolog in Pf-5
S5_genome_1387,S5_genome_1387,succinylglutamate desuccinylase,homolog in Pf-5
S5_genome_1870,S5_genome_1870,succinate dehydrogenase,homolog in Pf-5
lpsJ,S5_genome_2411,succinyl-coa:3-ketoacid coenzyme a transferase subunit b,homolog in Pf-5
sad,S5_genome_3896,succinate semialdehyde dehydrogenase [nad(p)+] sad,homolog in Pf-5
astE,S5_genome_4597,succinylglutamate desuccinylase ,homolog in Pf-5
aceK,S5_genome_1676,isocitrate dehydrogenase kinase/phosphatase ,homolog in Pf-5
icd1,S5_genome_3952,isocitrate dehydrogenase [nadp],homolog in Pf-5
icd2,S5_genome_3953,isocitrate dehydrogenase [nadp],homolog in Pf-5
aceA,S5_genome_3961,isocitrate lyase ,homolog in Pf-5
gltA,S5_genome_1868,citrate synthase,homolog in Pf-5
S5_genome_4787,S5_genome_4787,fumarate hydratase,homolog in Pf-5
glcB,S5_genome_5617,malate synthase g ,homolog in Pf-5
FAH,S5_genome_1024,fumarylacetoacetase,homolog in Pf-5
