gene_id,transcript_id,function,comment
gltJ,S5_genome_4858,glutamate/aspartate transport system permease protein gltj,homolog in Pf-5
gltL,S5_genome_4860,glutamate/aspartate transport atp-binding protein gltl,homolog in Pf-5
gluA,S5_genome_5909,glutamate transport atp-binding protein glua,homolog in Pf-5
gltI1,S5_genome_4857,glutamate/aspartate periplasmic-binding protein,homolog in Pf-5
gltI1,S5_genome_5730,glutamate/aspartate periplasmic-binding protein,homolog in Pf-5
" 	
TctA",S5_genome_1573,putative tricarboxylic transport membrane protein,homolog in Pf-5
" 	
TctB",S5_genome_1574,putative tricarboxylic transport membrane protein,homolog in Pf-5
" 	
TctC",S5_genome_1575,putative tricarboxylic transport membrane protein,homolog in Pf-5
" 	
TctD",S5_genome_1577,dna-binding response regulator,homolog in Pf-5
DctD,S5_genome_4789,c4-dicarboxylate transport transcriptional regulatory protein dctd,homolog in Pf-5
dctD1,S5_genome_381,c4-dicarboxylate transport transcriptional regulatory protein dctd,homolog in Pf-5
dctA1,S5_genome_2617,c4-dicarboxylate transport protein ,homolog in Pf-5
dctA2,S5_genome_4560,c4-dicarboxylate transport protein ,homolog in Pf-5
dctD3,S5_genome_4862,c4-dicarboxylate transport transcriptional regulatory protein dctd,homolog in Pf-5
dctA3,S5_genome_5297,c4-dicarboxylate transport protein 2,homolog in Pf-5
S5_genome_946,S5_genome_946,malate transporter,No homolog in Pf-5
aauR,S5_genome_4862,AauS-AauR (acidic amino acids utilization) two-component regulatory system,homolog in Pf-5
ansA,S5_genome_2182,glutamin-(asparagin-)ase,homolog in Pf-5
