gene_id,transcript_id,function,comment
TctE,S5_genome_1579,sensor histidine kinase,homolog in Pf-5
DctB,S5_genome_4560,aerobic c4-dicarboxylate transport protein,homolog in Pf-5
dctB4,S5_genome_4861,sensor histidine kinase,homolog in Pf-5
dctB,S5_genome_754,c4-dicarboxylate transport sensor protein dctb,homolog in Pf-5
citA,S5_genome_2112,citrate-proton symporter,homolog in Pf-5
citN,S5_genome_194,citrate transporter,homolog in Pf-5
citH,S5_genome_3792,citrate-proton symporter,homolog in Pf-5
aauS,S5_genome_4861,"two-component system, sensor histidine kinase AauS ",homolog in Pf-5
rpoN,S5_genome_972,RNA polymerase sigma-54 factor,homolog in Pf-5
